Подразделение	ФИО	Логин	Пароль	Должность
Главный офис	Нонна Оскаровна Пахомова	nonna	asgf a345	Химик
Главный  офис	Казаков Захар Фокич	kazakov	4y6nwq@	Повар
Главный офис	Никифор Владиславович Мартынов	nikifor	v!@3@@""as y	Борт-инженер
Главный офис 	Ипатий Устинович Гуляев	ipatiy	1'rA1x{ksoC~0Y9r0|Oy	Звукорежиссёр
Дирекция	Адам Всеволодович Воробьев	adam	nO8GS4"JuLiG*~sQbOr	Старшина
Дирекция	Маркова Оксана Ефимовна	markova	xPqiIV*8CBGjh4T@A*	Бортмеханик
Отдел маркетинга	Аверкий Демьянович Поляков	averkiy	PYP9o@GctgL2ig5uIC	Тренд-вотчер
Дирекция	Ферапонт Гордеевич Веселов	ferapont	CcZ4ejgLb%qyxJbto1	Торакальный  хирург
					
Отдел закупок	Потапова Марфа Оскаровна	potapova	0RwK~7FZeM$9RFs4~~	Гепатолог
Отдел закупок	Петр Бориславович Селиверстов	petr	f~wi$XYzCysro|3$v7	Инженер-лесотехник
Отдел арбитража	Ольга Рубеновна Фролова	olga	xiW~{P~dEru2oj}lS|	Старшина
Отдел закупок	Борисова Надежда Мироновна	borisova	q25I*@BS}MR2fhuFVm	Борт-инженер
 Отдел маркетинга	Ратмир Григорьевич Ермаков	ratmir	%cLq7g5UDfCpXMTMQC	Старшина
 отдел  закупок 	Филиппов Вениамин Бориславович	filippov	vp*C$oQqrm*k1XhnM6	Химик
Отдел арбитража	Екатерина Рудольфовна Аксенова	ekaterina	ai9tS{ovNmgW@r5Rj9	Борт-инженер
	Рогова Анастасия Петровна	rogova	ige27X#LmlzvmJmiL3	Химик
Отдел закупок	Тимофеев Любосмысл Ануфриевич	timofeev	rg|{@}c2jUfyYQwT15	Старшина
Отдел арбитража	Тарас Владиленович Семенов	taras	XAL~D?RtbbRcN8z}yY	Химик
Отдел арбитража	Рябова Агата Тимуровна	ryabova	iuMbahs{fgP|G3Y47d	Борт-инженер
Отдел закупок	Веселов Серафим Терентьевич	veselov	lDy?Jeut{T|BSzjwgm	Гепатолог
